Code,R,G,B,RGB HEX,Landuse Class,Definition,IPCC_Class,Classes dutilisation,Définition,Classes du GIEC
21,166,101,80,A66550,Settlement,"Urban and rural residential, commercial, industrial, transportation or other built infrastructure use",Settlement,Lieux habités,"Lieux urbains et ruraux doccupation résidentielle, commerciale ou industrielle, infrastructures de transports ou autres infrastructures bâties",Lieux habités
22,158,16,82,9E1052,High reflectance settlement,"Settlement areas with high spectral reflectance such as pavement, buildings, or other surfaces with little to no observable vegetation",Settlement,Lieux habités à grande réflectance,"Lieux habités à grande réflectance spectrale, p. ex. les revêtements de sol, les bâtiments et dautres surfaces où la végétation observable est rare ou inexistante",Lieux habités
24,66,110,64,426E40,Settlement forest,Settlement areas mostly or entirely covered by tree canopy,Settlement,Forêts habitées,Lieux habités en majeure partie ou entièrement sous couvert arboré,Lieux habités
25,99,86,107,63566B,Roads,"Primary, secondary and tertiary roads",Settlement,Routes,"Routes primaires, secondaires et tertiaires",Lieux habités
28,165,171,77,A5AB4D,Vegetated settlement,"Settlement areas with observable vegetation such as lawns, golf courses, and settlement areas with 30-50% tree canopy",Settlement,Lieux habités végétalisés,"Lieux habités avec végétation observable (pelouses, terrains de golf, etc.) ou sous couvert arboré dans une proportion de 30 à 50 %",Lieux habités
29,87,0,138,57008A,Very high reflectance settlement,"Settlement areas with very high spectral reflectance such as pavement, buildings, or other surfaces with no observable vegetation",Settlement,Lieux habités à très grande réflectance,"Lieux habités à très grande réflectance spectrale, p. ex. les revêtements de sol, les bâtiments et dautres surfaces sans végétation observable",Lieux habités
31,7,46,71,072E47,Water,Open water,Water,Eaux,Eaux libres,Eaux
41,45,94,68,2D5E44,Forest,"Land covered by trees with a minimum canopy cover of 25% and a minimum height of 5m, or capable of growing to those measurements within 50 years",Forest,Forêts,Terres avec plus de 10 % de couvert arboré dune hauteur minimale de 5 m ou dont les arbres sont capables de parvenir à cette taille dici 50 ans,Forêts
42,80,140,100,508C64,Forest wetland,"Wetland with forest cover (canopy cover >40% and minimum height 5m, or capable of growing to those measurements within 50 years)",Forest,Terres humides en forêts,Terres humides sous couvert forestier (plus de 10 % de couvert arboré dune hauteur minimale de 5 m ou dont les arbres sont capables de parvenir à cette taille dici 50 ans),Forêts
43,116,128,83,748053,Forest regenerating after harvest (<20 years),Forest regenerating from tree harvesting activity that took place less than 20 years prior,Forest,Forêts en régénération après une récolte (< 20 ans),Forêts en régénération après une activité de récolte qui a eu lieu moins de 20 ans auparavant,Forêts
44,110,153,113,6E9971,Forest wetland regenerating after harvest (<20 years),Wetland with forest cover regenerating from tree harvesting activity that took place less than 20 years prior,Forest,Terres humides de forêt en régénération après une récolte (< 20 ans),Terres humides sous couvert forestier en régénération après une activité de récolte qui a eu lieu moins de 20 ans auparavant,Forêts
47,80,110,70,506E46,Forest regenerating after harvest (20-29 years),Forest regenerating from tree harvesting activity that took place 20 to 29 years prior (this class is identified beginning in 2010),Forest,Forêts en régénération après une récolte (20 - 29 ans),Forêts en régénération après une activité de récolte qui a eu lieu 20 à 29 ans auparavant(cette classe est identifiée depuis 2010),Forêts
48,93,133,99,5D8563,Forest wetland regenerating after harvest (20-29 years),Wetland with forest cover regenerating from tree harvesting activity that took place 20 to 29 years prior (this class is identified beginning in 2010),Forest,Terres humides de forêt en régénération après une récolte (20 - 29 ans),Terres humides sous couvert forestier en régénération après une activité de récolte qui a eu lieu 20 à 29 ans auparavant(cette classe est identifiée depuis 2010),Forêts
49,124,128,89,7C8059,Forest regenerating after fire (<20 years),Forest regenerating after a fire less than 20 years prior,Forest,Forêts en régénération après un incendie (< 20 ans),Forêts en régénération après un incendie qui a eu lieu moins de 20 ans auparavant,Forêts
51,196,172,112,C4AC70,Cropland,Annual and perennial cropland,Cropland,Terres cultivées,Terres en culture annuelle ou vivace,Terres cultivées
52,212,189,97,D4BD61,Annual cropland,Annual cropland (identified beginning in 2015),Cropland,Terres en culture annuelle,Terres en culture annuelle(identifiées depuis 2015),Terres cultivées
55,255,180,51,FFB433,Land converted to cropland (<10 years),Cropland that did not appear to be cropland 10 years prior (this class is identified beginning in 2010),Cropland,Terres converties en terres cultivées (<10 ans),Terres cultivées qui ne semblaient pas être des terres cultivées 10 ans auparavant(cette classe est identifiée depuis 2010),Terres cultivées
56,255,227,84,FFE354,Land converted to annual cropland (<10 years),Annual cropland that did not appear to be cropland 10 years prior (this class is identified beginning in 2015),Cropland,Terres converties en terres en culture annuelle (<10 ans),Terres cultivées annuelles qui ne semblaient pas être des terres cultivées 10 ans auparavant(cette classe est identifiée depuis 2015),Terres cultivées
63,157,166,116,9DA674,Prairie grassland,Grassland and shrubland in the Prairie region,Grassland,Prairie,Prairies et broussailles de la région des Prairies,Prairies
64,157,166,116,9DA674,Temperate grassland,Grassland and shrubland in the Temperate region,Grassland,Prairie tempérée,Prairies et broussailles de la région tempérée,Prairies
65,157,166,116,9DA674,Temperate rainforest grassland,Grassland and shrubland in a Temperate Rainforest region,Grassland,Prairie de forêt pluviale tempérée,Prairies et broussailles de la forêt pluviale tempérée,Prairies
66,157,166,116,9DA674,Boreal grassland,Grassland and shrubland in the Boreal region,Grassland,Prairie boréale,Prairies et broussailles de la région boréale,Prairies
67,157,166,116,9DA674,Montane grassland,Grassland and shrubland in a Montane region,Grassland,Prairie de montagne,Prairies et broussailles de la région montagnarde,Prairies
68,157,166,116,9DA674,Alpine tundra grassland,Grassland and shrubland in an Alpine Tundra region,Grassland,Prairie de toundra alpine,Prairies et broussailles de la toundra alpine,Prairies
69,157,166,116,9DA674,Arctic tundra grassland,Grassland and shrubland in an Arctic Tundra region,Grassland,Prairie de toundra arctique,Prairies et broussailles de la toundra arctique,Prairies
73,135,177,255,87B1FF,Prairie wetland,"Wetland in the Prairie region, with vegetation at or above the surface of the water",Wetland,Zone humide de prairie,"Zones humides des Prairies, avec végétation au niveau ou au-dessus de la surface de l'eau",Terres humides
74,135,177,255,87B1FF,Temperate wetland,"Wetland in the Temperate region, with vegetation at or above the surface of the water",Wetland,Zone humide tempérée,"Zones humides de la région tempérée, avec végétation au niveau ou au-dessus de la surface de l'eau",Terres humides
75,135,177,255,87B1FF,Temperate rainforest wetland,"Wetland in a Temperate Rainforest region, with vegetation at or above the surface of the water",Wetland,Zone humide de forêt pluviale tempérée,"Zones humides de la forêt pluviale tempérée, avec végétation au niveau ou au-dessus de la surface de l'eau",Terres humides
76,135,177,255,87B1FF,Boreal wetland,"Wetland in the Boreal region, with vegetation at or above the surface of the water",Wetland,Zone humide boréale,"Zones humides de la région boréale, avec végétation au niveau ou au-dessus de la surface de l'eau",Terres humides
78,135,177,255,87B1FF,Alpine tundra wetland,"Wetland in the Alpine Tundra region, with vegetation at or above the surface of the water",Wetland,Zone humide de toundra alpine,"Zones humides de la toundra alpine, avec végétation au niveau ou au-dessus de la surface de l'eau",Terres humides
79,135,177,255,87B1FF,Arctic tundra wetland,"Wetland in the Arctic Tundra region, with vegetation at or above the surface of the water",Wetland,Zone humide de toundra arctique,"Zones humides de la toundra arctique, avec végétation au niveau ou au-dessus de la surface de l'eau",Terres humides
81,166,101,80,A66550,Newly-detected settlement (<10 years),Settlement (21) that was first identified as a Settlement land use less than 10 years prior (this class is identified beginning in 2010),Settlement,Lieux habités nouvellement détectés (< 10 ans),Lieux habités (21) identifiés pour la première fois comme des lieux habités moins de 10 ans auparavant(cette classe est identifiée depuis 2010),Lieux habités
82,158,16,82,9E1052,Newly-detected high reflectance settlement (<10 years),High Reflectance Settlement (22) that was first identified as a Settlement land use less than 10 years prior (this class is identified beginning in 2010),Settlement,Lieux habités à grande réflectance nouvellement détectés (<10 ans),Lieux habités à grande réflectance (22) identifiés pour la première fois comme des lieux habités moins de 10 ans auparavant (cette classe est identifiée depuis 2010),Lieux habités
84,66,110,64,426E40,Newly-detected settlement forest (<10 years),Settlement Forest (24) that was first identified as a Settlement land use less than 10 years prior (this class is identified beginning in 2010),Settlement,Forêts habitées nouvellement détectés (< 10 ans),Forêts habitées (24) identifiées pour la première fois comme des lieux habités moins de 10 ans auparavant (cette classe est identifiée depuis 2010),Lieux habités
85,99,86,107,63566B,Newly-detected roads (<10 years),"Primary, secondary and tertiary roads",Settlement,Routes nouvellement détectés (<10 ans),NA,Lieux habités
88,165,171,77,A5AB4D,Newly-detected vegetated settlement (<10 years),Vegetated Settlement (28) that was first identified as a Settlement land use less than 10 years prior (this class is identified beginning in 2010),Settlement,Lieux habités végétalisés nouvellement détectés (<10 ans),Lieux habités végétalisés (28) identifiés pour la première fois comme des lieux habités moins de 10 ans auparavant (cette classe est identifiée depuis 2010),Lieux habités
89,87,0,138,57008A,Newly-detected very high reflectance settlement (<10 years),Very High Reflectance Settlement (29) that was first identified as a Settlement land use less than 10 years prior (this class is identified beginning in 2010),Settlement,Lieux habités à très grande réflectance nouvellement détectés (< 10 ans),Lieux habités à très grande réflectance (29) identifiés pour la première fois comme des lieux habités moins de 10 ans auparavant(cette classe est identifiée depuis 2010),Lieux habités
91,147,151,153,939799,Other land,"Rock, beaches, ice, barren land",Other Land,Autres terres,"Zones rocheuses, plages, glaces, terres stériles",Autres terres
92,237,250,252,EDFAFC,Snow and ice,Snow and Ice on mountains (this class is identified only in 2020),Other Land,Neige et glace,Neige et glace sur les montagnes(cette classe est identifiée uniquement en 2020),Autres terres
