Region,CHF
Montréal,34.02678680419922
Laval,29.741355895996094
Lanaudière,5.599034309387207
Laurentides,4.5883402824401855
Outaouais,2.9908013343811035
Saguenay–Lac-Saint-Jean,1.432847499847412
Côte-Nord,0.03379405662417412
Montérégie,16.292184829711914
Capitale-Nationale,4.208905220031738
Abitibi-Témiscamingue,2.2494354248046875
Estrie,9.730792045593262
Gaspésie–Îles-de-la-Madeleine,3.8399946689605713
Mauricie,2.6345181465148926
Centre-du-Québec,11.723094940185547
Nord-du-Québec,0.1933366358280182
Côte-Nord,0.453730046749115
Bas-Saint-Laurent,5.55471134185791
Chaudière-Appalaches,8.842151641845703
