year,frac_21,frac_22,frac_24,frac_25,frac_28,frac_29,frac_31,frac_41,frac_42,frac_43,frac_44,frac_49,frac_51,frac_62,frac_71,frac_91,frac_47,frac_48,frac_55,frac_81,frac_82,frac_84,frac_85,frac_88,frac_89,frac_52,frac_56,frac_92,qc_region
2000,6.866239452807408e-4,2.3595564799655462e-4,9.866702302497663e-4,0.0018605188723087715,0.0019555891785014803,1.4631062374873325e-4,0.1390077978097488,0.4680459150572526,0.03591375850196556,0.024523408274339766,4.0079934744288595e-4,0.03708121391002215,0.015711087364198625,0.1764735783470969,0.06345283379589772,0.03374644827297936,NA,NA,NA,NA,NA,NA,NA,NA,NA,NA,NA,NA,Québec (province)
2005,6.983727616423625e-4,2.744791789630382e-4,0.0010590611687206132,0.0018602962158103926,0.001890882969757244,1.560347034885598e-4,0.13900221043336017,0.4594755903303495,0.03587640175411029,0.031556597154528535,4.303107668826745e-4,0.0386031609698524,0.01573230491470183,0.17643656786324202,0.06344527086719846,0.03373115304149331,NA,NA,NA,NA,NA,NA,NA,NA,NA,NA,NA,NA,Québec (province)
2010,6.21833544431076e-4,2.779614420659755e-4,0.0010891410873498468,0.0018861854620072797,0.001882463410953363,1.579275798908245e-4,0.13887523680589098,0.44776536988508786,0.03548981379039957,0.031600629827659904,3.017858891833754e-4,0.04510953751576361,0.015473022748310639,0.1760269904777858,0.06330229773650271,0.0336197697407339,0.00492742002561253,1.7664863662187878e-4,1.8948003531565555e-4,1.8140159143390937e-4,5.822051739331553e-5,3.0953718594329654e-4,3.0639233647108575e-4,5.567390464399579e-4,4.1169344356810426e-5,NA,NA,NA,Québec (province)
2015,6.100152863279568e-4,2.9880344230302227e-4,0.0011841622987897064,0.00191091003107624,0.001838037410645242,1.6095265964115245e-4,0.1388228204632552,0.4300165288309659,0.03591810057613558,0.03416891886566878,2.1363729355767603e-4,0.05468623513930093,0.008670510911378935,0.17579594968861845,0.06326090658163244,0.03353192829899484,0.010081140937248665,3.2437250028039926e-4,1.703160177533292e-4,3.5814354777472516e-4,6.735537052978256e-5,3.743030992273474e-4,2.88944088723738e-4,7.637937342369978e-4,4.883423206131685e-5,0.0065893434936963435,6.856792811656031e-5,NA,Québec (province)
2020,7.463716088564521e-4,3.4189859457601086e-4,0.0015350659705724659,0.0021743240328943488,0.0023194281794620096,1.9737034333007584e-4,0.1389629040279754,0.43302774086905216,0.03609708495415847,0.036053367141239544,2.1784580010012088e-4,0.0542223010834479,0.00868821885403667,0.17616257365413465,0.06335558358470644,0.033554566271571974,0.005204819006170333,1.507573585530589e-4,6.0299766460930605e-5,1.9672064518547061e-4,3.70102177182458e-5,4.109136541679304e-5,NA,2.468687907892646e-4,2.4642400278960763e-5,0.0065154110500413795,3.087285186783097e-5,4.4235236351217015e-4,Québec (province)
2000,9.748624368189482e-4,3.045322359325196e-4,0.00210552822330472,0.002800463997357418,0.002077389268982486,1.9136108798639706e-4,0.11130317121639115,0.688338455836181,0.05622484710651133,0.06485964722078945,0.001393672243079372,0.004682575525069196,0.022874337348053473,0.0011496925244856343,0.04051808928048496,2.0142189303463866e-4,NA,NA,NA,NA,NA,NA,NA,NA,NA,NA,NA,NA,Abitibi-Témiscamingue
2000,0.00125240120193331,5.070558676118079e-4,0.00445303169404167,0.009448619447221893,0.006381697907921761,1.2410401612653955e-4,0.0199086231165049,0.7367916050529444,0.012997465948763913,0.1156585998548963,5.726109017590926e-4,6.21705905961193e-4,0.08568089577460218,0.002273306585982848,0.0031705304188152155,1.5778141472928692e-4,NA,NA,NA,NA,NA,NA,NA,NA,NA,NA,NA,NA,Bas-Saint-Laurent
2000,0.0031661425548427046,0.0013990001157106464,0.004692971732236877,0.008226000888596223,0.009710839091732364,8.923562830172025e-4,0.051768982003624654,0.7727677286858444,0.02106886186637481,0.06328623517198663,4.316999980698266e-4,0.013306605272834381,0.04052868012110654,0.002274873756848745,0.006267329862472894,2.1167076560660484e-4,NA,NA,NA,NA,NA,NA,NA,NA,NA,NA,NA,NA,Capitale-Nationale
2000,0.0036297290103989707,0.0017760411911381204,0.0038088350755828954,0.02163392056855569,0.020189207609106835,7.537192312610847e-4,0.044686281729666835,0.39670748940951145,0.07313765242105212,0.017772302819847288,6.633010332968825e-4,2.1239123682028225e-4,0.3993396140736219,0.001225903544397753,0.01431864351903668,1.4498760933749248e-4,NA,NA,NA,NA,NA,NA,NA,NA,NA,NA,NA,NA,Centre-du-Québec
2000,0.002762006525877614,0.0015900115946785268,0.00465820199635544,0.01660886298774353,0.013283324765967141,9.22603511906025e-4,0.02617045145124698,0.6539787019078709,0.03587613162866086,0.048359614380607104,2.5472632095801894e-4,3.731028171258707e-4,0.18692135770028426,0.0010457503502504589,0.007065655498174474,1.2942539725022974e-4,NA,NA,NA,NA,NA,NA,NA,NA,NA,NA,NA,NA,Chaudière-Appalaches
2000,3.653784108107329e-4,1.2106478371377338e-4,5.342566422043573e-4,3.1242112674025166e-4,0.0013041307978574246,1.2739679956499068e-4,0.12652406202906277,0.6790969213330859,0.027430585391670547,0.01385384661776481,5.104394997809876e-5,0.03202932288827053,2.078788641603892e-4,0.06769665647093007,0.04344848406088066,0.006913735287902212,NA,NA,NA,NA,NA,NA,NA,NA,NA,NA,NA,NA,Côte-Nord
2000,0.0030941882069042944,0.001645907903718141,0.0080930033271841,0.02317246434042105,0.019545696251946618,7.103835895920675e-4,0.026976997038821518,0.6612930182920529,0.03650707481162472,0.03646286546855145,2.0801232222590607e-4,3.2731690998221905e-4,0.1755971426760143,0.0010100459736549507,0.005249188115466749,1.0671949704847545e-4,NA,NA,NA,NA,NA,NA,NA,NA,NA,NA,NA,NA,Estrie
2000,9.746559030635854e-4,2.9565344799244457e-4,0.0034607365879507127,0.004950328681241374,0.005316239549765721,2.5011909115092967e-4,0.006029469928653967,0.843951510935497,0.006985810663060445,0.09736210363687041,1.4819736483770226e-4,0.0071183137918642714,0.013638367915973247,0.004161186193993051,0.003280243824082484,0.0020770386030818516,NA,NA,NA,NA,NA,NA,NA,NA,NA,NA,NA,NA,Gaspésie–Îles-de-la-Madeleine
2000,0.00413696700707078,0.001349292229861021,0.003976362757384777,0.012406867928802967,0.012573568150401115,5.024638958275318e-4,0.0847165659070015,0.6701174378395081,0.04084889218211174,0.06336022913455963,8.611992816440761e-4,3.9106712210923433e-4,0.09494370222091675,0.001014510402455926,0.008661922067403793,1.389489771099761e-4,NA,NA,NA,NA,NA,NA,NA,NA,NA,NA,NA,NA,Lanaudière
2000,0.0031288238242268562,9.724427363835275e-4,0.006129342131316662,0.011160791851580143,0.00894321408122778,5.560009158216417e-4,0.08187193423509598,0.7668428421020508,0.03384198620915413,0.03925277292728424,5.548313492909074e-4,3.8921201485209167e-4,0.037578973919153214,0.0010952175362035632,0.007512733805924654,1.6894415603019297e-4,NA,NA,NA,NA,NA,NA,NA,NA,NA,NA,NA,NA,Laurentides
2000,0.11994681507349014,0.04302268475294113,0.021082937717437744,0.14915262162685394,0.14881250262260437,0.03882879391312599,0.07449401915073395,0.14014588296413422,0.015199954621493816,4.081656807102263e-4,0,8.433175389654934e-5,0.2401464730501175,0.0014639991568401456,0.006964610889554024,2.462487027514726e-4,NA,NA,NA,NA,NA,NA,NA,NA,NA,NA,NA,NA,Laval
2000,0.0015221309434997068,4.3162571390984437e-4,0.002242321354826657,0.0035449418040887784,0.003551614887084481,1.2815474526809272e-4,0.1087502648008616,0.6990164801613246,0.0340092954418509,0.08415030951102405,9.683693948823353e-4,0.01641609327022967,0.025341500958284656,0.001249434746743437,0.018512544379145977,1.649210322364423e-4,NA,NA,NA,NA,NA,NA,NA,NA,NA,NA,NA,NA,Mauricie
2000,0.16968947649002075,0.09098795056343079,0.027842432260513306,0.1952885240316391,0.1489844173192978,0.09130942821502686,0.19991467893123627,0.03966311737895012,0.0075459866784513,3.602332071750425e-5,1.4409328059628024e-6,1.008652998280013e-5,0.024371938779950142,6.364857545122504e-4,0.0033738380298018456,3.4418696304783225e-4,NA,NA,NA,NA,NA,NA,NA,NA,NA,NA,NA,NA,Montréal
2000,0.01374978106468916,0.004903433378785849,0.006738009862601757,0.03614600747823715,0.040274374186992645,0.002943122060969472,0.06792792677879333,0.20139293372631073,0.031204836443066597,0.0015161524061113596,8.25573515612632e-5,8.586195326643065e-5,0.581833004951477,8.200814481824636e-4,0.01018420048058033,1.9777097622863948e-4,NA,NA,NA,NA,NA,NA,NA,NA,NA,NA,NA,NA,Montérégie
2000,1.600462650723804e-4,2.662613805672558e-5,1.7604492857242103e-4,7.84235050671647e-5,1.695061352200776e-4,1.610536777774641e-5,0.16704701829368457,0.307022076373501,0.03961060668372039,0.008769659942077629,3.0887336652506527e-4,0.05021517523514326,3.4332786545521594e-5,0.2819308452219713,0.0884668234294871,0.05596781672034376,NA,NA,NA,NA,NA,NA,NA,NA,NA,NA,NA,NA,Nord-du-Québec
2000,0.0012947209179401398,4.47391823399812e-4,0.003536063013598323,0.006408113520592451,0.005155217368155718,1.4189135981723666e-4,0.09930729866027832,0.7727923393249512,0.04033736512064934,0.02858428843319416,7.306126062758267e-4,4.283791349735111e-4,0.03099743090569973,8.023126283660531e-4,0.008927782997488976,1.0879259934881702e-4,NA,NA,NA,NA,NA,NA,NA,NA,NA,NA,NA,NA,Outaouais
2000,8.5699737311467e-4,2.1409110058660973e-4,0.001596291877155592,0.0015042782431220056,0.0019317104449866815,8.618556633755486e-5,0.09954673287871094,0.7003491674592182,0.02409295500702846,0.09015451241670737,0.0011732617360772715,0.022075050543308893,0.01433939343691188,0.01573337351046928,0.025300339349842053,0.0010456764757677426,NA,NA,NA,NA,NA,NA,NA,NA,NA,NA,NA,NA,Saguenay–Lac-Saint-Jean
2005,9.707509416797934e-4,3.779703060878733e-4,0.0021907583649022028,0.002800207920649842,0.0020021613847314296,2.083448494642116e-4,0.1113026502858654,0.6684581292910318,0.056088543393956594,0.08440027957686204,0.0015223152500408092,0.004877407911580465,0.02292819478697689,0.0011495199687871973,0.04052145829010669,2.0132987339642854e-4,NA,NA,NA,NA,NA,NA,NA,NA,NA,NA,NA,NA,Abitibi-Témiscamingue
2005,0.0013476314480556511,5.542589173332048e-4,0.00458637955399334,0.009448604005134848,0.006283656273031899,1.323615233555722e-4,0.019908590579403283,0.7153438606546417,0.012948255530106523,0.13685618485000725,6.093329499710808e-4,6.504934300979256e-4,0.0857305025243532,0.002272191154875704,0.003169929700050554,1.5778115686364275e-4,NA,NA,NA,NA,NA,NA,NA,NA,NA,NA,NA,NA,Bas-Saint-Laurent
2005,0.00312417145010386,0.0015620035074912838,0.004893948630795131,0.008225862507844949,0.009553544789219798,9.53058165533956e-4,0.0517691195872913,0.7559783126445059,0.02101968572926186,0.07973218256479983,4.7416673999716417e-4,0.01338130412346805,0.0405820041889781,0.0022748178788422977,0.006264085201047111,2.1166683206062112e-4,NA,NA,NA,NA,NA,NA,NA,NA,NA,NA,NA,NA,Capitale-Nationale
2005,0.0037071293947777326,0.0019042004596234036,0.0045454509988941665,0.021633855728388,0.01947224142364442,7.881397685852504e-4,0.044684335512462,0.3938474113549406,0.07287639853590931,0.019602981729301135,7.728049583160531e-4,2.3806876115064845e-4,0.40024063049030173,0.0012248910355362951,0.014316455235155278,1.4498350451107328e-4,NA,NA,NA,NA,NA,NA,NA,NA,NA,NA,NA,NA,Centre-du-Québec
2005,0.002801499382536906,0.001709754323377811,0.004884260811038778,0.01660886351071956,0.0130712978951379,9.678679332946521e-4,0.02617029088182542,0.6446060810453054,0.0357735447487143,0.05716430645213528,3.102673939974235e-4,4.1423662820016133e-4,0.18727807447523967,0.0010457505076477778,0.007064443261882395,1.2942541393550237e-4,NA,NA,NA,NA,NA,NA,NA,NA,NA,NA,NA,NA,Chaudière-Appalaches
2005,3.553072484674532e-4,1.5502049866811962e-4,5.328297758296155e-4,3.124488464677197e-4,0.001301612378694397,1.4373557581682007e-4,0.12652747787325294,0.6715439014905551,0.027406691202878607,0.0200624797995117,6.529791868222718e-5,0.033342773638412794,2.0843164524615154e-4,0.06769770452457813,0.04344754244202153,0.006913965930614403,NA,NA,NA,NA,NA,NA,NA,NA,NA,NA,NA,NA,Côte-Nord
2005,0.0031845578155535585,0.0017318238815448395,0.009012383254456647,0.023171165963450445,0.01863455221522079,7.378086126328218e-4,0.02697507062001506,0.6569811636245273,0.03645963815137458,0.040425522569870205,2.3481995386281942e-4,3.387058393460923e-4,0.1757484646170288,0.001009648943533041,0.005247987707445651,1.0671856109648208e-4,NA,NA,NA,NA,NA,NA,NA,NA,NA,NA,NA,NA,Estrie
2005,0.001005151005634687,3.3323173071607247e-4,0.0035078276539761803,0.00495035348042976,0.005289487099930903,2.556012550962234e-4,0.006029805964668816,0.8157795790861355,0.006980315875907336,0.12555414977432952,1.5326829805771368e-4,0.006985782541292838,0.013657347582966373,0.004160614852728448,0.0032802290888830177,0.002077229112169853,NA,NA,NA,NA,NA,NA,NA,NA,NA,NA,NA,NA,Gaspésie–Îles-de-la-Madeleine
2005,0.0043593295849859715,0.00155487225856632,0.004945734515786171,0.012406867928802967,0.011687564663589,5.802683881483972e-4,0.0847165659070015,0.6506752967834473,0.040780119597911835,0.08207694441080093,9.20373946428299e-4,4.178764356765896e-4,0.09507165849208832,0.0010129779111593962,0.008654587902128696,1.389489771099761e-4,NA,NA,NA,NA,NA,NA,NA,NA,NA,NA,NA,NA,Lanaudière
2005,0.0032702970784157515,0.0010846711229532957,0.007128381635993719,0.011160791851580143,0.007994127459824085,6.011340883560479e-4,0.08187193423509598,0.7572007775306702,0.03379766643047333,0.04847085475921631,5.889107123948634e-4,4.1651848005130887e-4,0.03763919696211815,0.0010948175331577659,0.007511016447097063,1.6894415603019297e-4,NA,NA,NA,NA,NA,NA,NA,NA,NA,NA,NA,NA,Laurentides
2005,0.11922493577003479,0.045400843024253845,0.027819357812404633,0.14915262162685394,0.1406012624502182,0.040705036371946335,0.07449401915073395,0.1386481523513794,0.015189834870398045,4.688845365308225e-4,0,1.3155753549654037e-4,0.23952241241931915,0.0014437595382332802,0.006951117888092995,2.462487027514726e-4,NA,NA,NA,NA,NA,NA,NA,NA,NA,NA,NA,NA,Laval
2005,0.0015526186982192849,5.442633836500988e-4,0.002380990541957524,0.0035449325692533504,0.0034289373675611273,1.4556644191768137e-4,0.10875015480138459,0.6691865008875836,0.0339254464687634,0.11366679120050927,0.001045704085184172,0.01651304714547934,0.0253898396224617,0.001249252516448682,0.018510981268528428,1.6492068746576881e-4,NA,NA,NA,NA,NA,NA,NA,NA,NA,NA,NA,NA,Mauricie
2005,0.16846756637096405,0.09202686697244644,0.03952407464385033,0.1952885240316391,0.13673822581768036,0.0922212302684784,0.19991467893123627,0.03953199088573456,0.0075459866784513,3.602332071750425e-5,1.4409328059628024e-6,1.008652998280013e-5,0.024338796734809875,6.364857545122504e-4,0.0033738380298018456,3.4418696304783225e-4,NA,NA,NA,NA,NA,NA,NA,NA,NA,NA,NA,NA,Montréal
2005,0.013697494752705097,0.005093505140393972,0.008586633950471878,0.03614600747823715,0.03834432736039162,0.003050921019166708,0.06792792677879333,0.200556680560112,0.03111022710800171,0.001826456980779767,8.891521429177374e-5,9.288407454732805e-5,0.5822789072990417,8.184682810679078e-4,0.010182871483266354,1.9777097622863948e-4,NA,NA,NA,NA,NA,NA,NA,NA,NA,NA,NA,NA,Montérégie
2005,1.681767617762439e-4,4.1672697568268804e-5,1.7879962947684608e-4,7.84336180391225e-5,1.749071076265924e-4,1.7019370989198184e-5,0.16705267849390637,0.3030826675810426,0.03958929837751389,0.01102759681904645,3.288425471845904e-4,0.05188013055354059,3.4566271058028054e-5,0.281924891816917,0.08846730136529918,0.05595299358720278,NA,NA,NA,NA,NA,NA,NA,NA,NA,NA,NA,NA,Nord-du-Québec
2005,0.001367115881294012,4.953114548698068e-4,0.0038933302275836468,0.006408113520592451,0.004832623526453972,1.5365320723503828e-4,0.09930729866027832,0.7623544335365295,0.04026796668767929,0.03877326473593712,7.914761081337929e-4,4.724134341813624e-4,0.031044716015458107,8.021804969757795e-4,0.0089273341000080109,1.087661730707623e-4,NA,NA,NA,NA,NA,NA,NA,NA,NA,NA,NA,NA,Outaouais
2005,8.721319654680898e-4,3.083804090418442e-4,0.001602346978439617,0.0015041289348252803,0.0019261276335594162,9.770347503410093e-5,0.09953628615593157,0.6716969246584663,0.024031063942224595,0.11393536143911207,0.0012250184653884507,0.026810899971236864,0.014381006330401354,0.015725201928777813,0.025302276503791347,0.0010451569930149543,NA,NA,NA,NA,NA,NA,NA,NA,NA,NA,NA,NA,Saguenay–Lac-Saint-Jean
2010,7.634083685013763e-4,3.7999470260823985e-4,0.00226912862322947,0.00280276547966757,0.0020275373741716826,2.0910076484821066e-4,0.11129434889915453,0.6472733023404513,0.055667405170217114,0.08737735577609174,0.0011814741306281568,0.013015142282456545,0.022498522428411404,0.0011231445010816401,0.04049971746408017,1.6632281143060372e-4,0.008851394743238627,5.48416304205271e-4,4.0306035305113814e-4,2.0618623123139305e-4,9.43349916445924e-5,3.6283534132029445e-4,3.992286539042858e-4,5.134350116926983e-4,7.24646456361271e-5,NA,NA,NA,Abitibi-Témiscamingue
2010,0.0011714239666715466,5.564830842106709e-4,0.00469244963456236,0.00946787402071433,0.006145841098917866,1.3283815276580053e-4,0.019892703016805742,0.6981301297347862,0.012859307641099348,0.11896408555570931,3.863698684851381e-4,3.6067323854155965e-4,0.08384192267481687,0.002210261935911209,0.0031160897701130227,1.5373194794850625e-4,0.03160205123404516,2.70485641990343e-4,0.0011602098614590347,5.83439792654932e-4,1.0461103873923004e-4,7.981717771740599e-4,0.001543827722687695,0.0018035015211126644,5.149165443002198e-5,NA,NA,NA,Bas-Saint-Laurent
2010,0.0028188456587999507,0.0015680589963640433,0.005106680894356124,0.008237769439461959,0.00940532703864228,9.563148105887806e-4,0.0517554039236544,0.7406297850267798,0.020959338746055614,0.0818940851751703,3.7526789244104916e-4,0.010181182892788401,0.0389364243339828,0.0022271637485589395,0.006161365309308594,2.012490742634925e-4,0.012256853699358227,1.419032445937447e-4,4.6780196477200046e-4,7.85958470406375e-4,1.5309708783719524e-4,0.0010792453351111254,0.0012750906054335555,0.0022740845234814505,1.516925549521434e-4,NA,NA,NA,Capitale-Nationale
2010,0.0034501763490930246,0.001906588515202926,0.004707100511138953,0.02163732511048272,0.01930220749966039,7.884154081970586e-4,0.0446829946152328,0.3835107606005731,0.07247628053621245,0.016722046355226877,6.96482942197553e-4,2.140494553779695e-4,0.3936752857320776,0.00117616965216325,0.014164779851839178,1.400143957111582e-4,0.005422677055609539,1.8355581139721958e-4,0.004803138673546578,0.0017835453044759073,3.2359366879027826e-4,0.001335490666902868,0.002169720626834503,0.00446409353531763,2.6351640185887944e-4,NA,NA,NA,Centre-du-Québec
2010,0.0025991078497802867,0.0017110342944427102,0.005039280616837987,0.016616842199890104,0.012889862224334681,9.689705264865914e-4,0.026156019507319977,0.6316101704856628,0.035646933299049,0.05022469182798226,2.575141728117026e-4,3.211184138209322e-4,0.1826260980095168,9.90616537505519e-4,0.006949390064014038,1.2758831590471432e-4,0.01428598728381667,1.1085165991151398e-4,0.0019394690761785052,0.0011898457137243985,2.3249980949531342e-4,0.0012113848084563355,0.0021961933205306267,0.003858499179238594,2.3999526122057093e-4,NA,NA,NA,Chaudière-Appalaches
2010,2.9919557064565756e-4,1.553859352539174e-4,5.433631225979565e-4,3.309632374481604e-4,0.0012926914670737114,1.4387896011209042e-4,0.1265004439409805,0.6561273971907302,0.027310973126127697,0.02272211384833453,6.266313015364498e-5,0.043241861278040944,2.0191929227955906e-4,0.06763847292902013,0.04344518701580225,0.0068969445161100335,0.0015868070316507766,2.068270290742332e-5,2.1060830421838297e-5,9.700677163360367e-5,4.0850128329305424e-5,3.151537158738448e-4,7.321381261436885e-5,9.117418695367421e-4,3.836716716965563e-5,NA,NA,NA,Côte-Nord
2010,0.0029488337753936457,0.0017330857680817524,0.00931648787217026,0.023213678065549286,0.018385508036974297,7.380746780393341e-4,0.027010688708573205,0.6417622232876303,0.03631356204370833,0.03393366834342623,1.5703374020780586e-4,1.884946803998814e-4,0.17203300095909851,9.283431316528787e-4,0.005130014055673265,1.00241653022222e-4,0.011434991620452889,1.1564940057595789e-4,0.00198892178269139,9.835023714710094e-4,1.7264837932832555e-4,0.002932686511527671,0.003619568757509408,0.004668757515173674,1.9033310781634404e-4,NA,NA,NA,Estrie
2010,8.795376729748013e-4,3.3371378298249483e-4,0.003598714292596871,0.004983783075692376,0.0051962717407175426,2.558981208144316e-4,0.0060184460359016655,0.7960829239738926,0.006963090290326045,0.1255739458563556,1.0844863884484272e-4,0.006992558899958577,0.013118172708605099,0.003988484196619974,0.0032543328229488974,0.002007327570505062,0.01666336829017748,5.464757428662254e-5,2.565286740504607e-4,2.6551067322082967e-4,1.364681513212782e-4,0.0010071967585799568,9.140219500627726e-4,0.001256251628737021,9.034274722394447e-5,NA,NA,NA,Gaspésie–Îles-de-la-Madeleine
2010,0.003737104358151555,0.0015686653787270188,0.0050746975466609,0.012413864023983479,0.011561727151274681,5.894638015888631e-4,0.08470603823661804,0.6323735117912292,0.040574152022600174,0.0757833942770958,6.079575978219509e-4,0.0020070248283445835,0.09148429334163666,9.480164735578001e-4,0.008525281213223934,1.2331125617492944e-4,0.01551070623099804,3.9126997580751777e-4,5.428136792033911e-4,0.0016281544230878353,3.2625196035951376e-4,0.0027928310446441174,0.002857330022379756,0.0035543846897780895,3.177392645739019e-4,NA,NA,NA,Lanaudière
2010,0.002856026403605938,0.001089830999262631,0.007264602929353714,0.011165832169353962,0.00791206955909729,6.022540619596839e-4,0.08186709135770798,0.7436229586601257,0.03369029611349106,0.044411808252334595,3.787187743000686e-4,4.768587532453239e-4,0.036257240921258926,0.0010532146552577615,0.007431061007082462,1.5437173715326935e-4,0.009641213342547417,2.5460580945946276e-4,3.8850054261274636e-4,8.691460825502872e-4,1.8567834922578186e-4,0.0029817151371389627,0.0026944910641759634,0.0025801861193031073,1.7025817942339927e-4,NA,NA,NA,Laurentides
2010,0.1173730120062828,0.045562759041786194,0.028726767748594284,0.14918635785579681,0.13913726806640625,0.04086020588874817,0.07427813112735748,0.1167488768696785,0.014407236129045486,7.724788156338036e-4,1.3493080587068107e-5,1.8215658201370388e-4,0.17564280331134796,0.0011469117598608136,0.005827818997204304,2.0576946553774178e-4,0,0,3.1371411751024425e-4,0.028133071959018707,0.006854484789073467,0.00788333173841238,0.011661394499242306,0.028328722342848778,0.006753286812454462,NA,NA,NA,Laval
2010,0.0013276340867908224,5.483535442644758e-4,0.0024661836900314784,0.0035461556669009043,0.0033865052408623576,1.4601960860793204e-4,0.10874911216328113,0.6396224533583712,0.03363707637058793,0.11530784657714432,8.149546381002743e-4,0.027710639208966405,0.02476818216867085,0.0012363836141851903,0.018480920458470766,1.635016228329863e-4,0.01510299981120319,3.7316406507951024e-4,1.9222450527200813e-4,2.975200457609719e-4,1.0708407511396574e-4,4.906780966776327e-4,7.595860612091811e-4,6.850561683876134e-4,7.973112963771076e-5,NA,NA,NA,Mauricie
2010,0.16831770539283752,0.09203983098268509,0.0410788431763649,0.19529429078102112,0.13514886796474457,0.0922226756811142,0.19951698184013367,0.03520631045103073,0.007386043202131987,6.916477286722511e-5,2.8818656119256048e-6,3.8905185647308826e-5,0.01677245832979679,5.029174499213696e-4,0.003079972928389907,1.4389729767572135e-4,4.322798304201569e-6,1.4409328059628024e-6,2.3054924895404838e-5,0.003620823146775365,5.605228943750262e-4,0.0024034760426729918,0.0017420877702534199,0.0041697765700519085,6.527425721287727e-4,NA,NA,NA,Montréal
2010,0.01350984163582325,0.00509758573025465,0.00891987793147564,0.03615625575184822,0.03801891207695007,0.003052249550819397,0.06785571575164795,0.19287370145320892,0.03067958913743496,0.0018256994662806392,1.1614964751061052e-4,1.410117547493428e-4,0.5683123469352722,7.043412770144641e-4,0.009895989671349525,1.5421485295519233e-4,3.855326503980905e-4,1.7175723769469187e-5,0.0027750416193157434,0.005278894677758217,7.250812486745417e-4,0.0020612289663404226,0.002633231459185481,0.007972223684191704,8.380994549952447e-4,NA,NA,NA,Montérégie
2010,1.3778538958004107e-4,4.217664928876589e-5,1.7245323762282152e-4,8.81904068128975e-5,1.6894162059640324e-4,1.7098556595885404e-5,0.1670783260454459,0.29986132604591037,0.03911463139908242,0.010458165903569324,2.1442831114333485e-4,0.054001906958149305,3.3431062215234835e-5,0.28198910440853886,0.0884338651749117,0.05592061937104159,0.0019786110660074546,1.477677222959767e-4,2.3083154871823505e-6,2.7639124616010982e-5,2.264258910295561e-5,4.456800776402373e-5,1.4586611798393956e-5,2.220631391471198e-5,7.2109158547844414e-6,NA,NA,NA,Nord-du-Québec
2010,0.0011618692660704255,4.967387649230659e-4,0.00394907733425498,0.006415091454982758,0.00480688875541091,1.5373250062111765e-4,0.09930626302957535,0.7514649033546448,0.040140748023986816,0.03614349663257599,5.561623256653547e-4,4.1857498581521213e-4,0.03025682643055916,7.304199389182031e-4,0.00888278428465128,9.380615665577352e-5,0.00977280456572771,3.228586574550718e-4,3.32662311848253e-4,2.8414648841135204e-4,6.605141243198887e-5,0.001207356108352542,0.0017388919368386269,0.001256028306670487,4.184049248578958e-5,NA,NA,NA,Outaouais
2010,7.162749423476877e-4,3.1127702577934296e-4,0.001656620161272927,0.0015054070972939512,0.0018992063521890822,9.836886633087675e-5,0.09950499198885843,0.606155579878691,0.023431247802109006,0.11633595010032476,8.375072067145068e-4,0.07130286194797734,0.014085965321267189,0.015684623689039025,0.025284076444653164,0.001040732970891,0.01783611246046006,4.8661707371421e-4,5.941886317598678e-4,1.55988360579793e-4,1.2193333139870207e-4,2.2003579841903067e-4,2.956961120031486e-4,3.85131162851609e-4,5.363795816624785e-5,NA,NA,NA,Saguenay–Lac-Saint-Jean
2015,6.689589726886566e-4,4.162083420239671e-4,0.0023695071961222633,0.0028153518678318834,0.002066661471344047,2.1251264080530206e-4,0.11117260728771634,0.6242908938935152,0.05560613428083061,0.0974902348157213,9.218341487028766e-4,0.012740506366555238,0.01955366771785528,9.923043776410296e-4,0.0404665853002474,7.88785390795199e-5,0.0213292979776278,0.0010642534603816885,5.489531716346099e-4,5.217711992628836e-4,1.1757843948302479e-4,4.3878063156815644e-4,3.874567659290002e-4,8.767022345491139e-4,1.0059692488184191e-4,0.0026539002012473446,9.788274244121544e-5,NA,Abitibi-Témiscamingue
2015,0.0011639605699549462,5.746263539535358e-4,0.004963999150486767,0.009587922128170497,0.005928150891747398,1.3359249609738163e-4,0.01989231092653001,0.6680651832457329,0.012720606680559599,0.11716790324505821,2.2018377138186733e-4,3.055864720299821e-4,0.07268723307361177,0.0020885801769052574,0.0031005676122173123,1.5369228867112602e-4,0.06305866046714767,5.174184979007899e-4,0.0011291244940346897,0.0015881030420418982,1.3791957336160485e-4,9.767352807647386e-4,0.0014237827876510682,0.002839476821347201,5.966998922651889e-5,0.009247705278278258,2.673437965645305e-4,NA,Bas-Saint-Laurent
2015,0.002809182708078388,0.0016094780249370578,0.005381352935334901,0.008309050836170357,0.009239780400493603,9.679988437895063e-4,0.05175466982124984,0.7130513135277035,0.020878433714445768,0.09640923212341676,2.939757690370968e-4,0.008283203323569625,0.027315190931819583,0.0021677921428738525,0.006138442520712704,1.9836344197946224e-4,0.026711519052088725,3.0450115561784705e-4,4.325267115923828e-4,0.0012138655954092373,1.8819129498791947e-4,0.0012884749691945113,0.0012034139143587991,0.0030588744719974186,1.6415125884007204e-4,0.010478217223385192,1.487870371393943e-4,NA,Capitale-Nationale
2015,0.0034311083153299626,0.0019504243000257064,0.005872729984600317,0.02171002382074552,0.01830214332502992,7.949689919681701e-4,0.04459940921170263,0.3781657746655335,0.07161029486589454,0.015273913606880832,0.0010320620945891712,1.4983946490167027e-4,0.18201017061859207,0.0010481920868128621,0.014048085172185549,1.1610462098211158e-4,0.010374749511181587,3.7316717245256404e-4,0.0034776958836695254,0.003867354650479922,3.8558364904492625e-4,0.0017723976836839434,0.002098972260921988,0.007544467546493538,3.451969308872611e-4,0.2077031433515136,0.0019420002087573846,NA,Centre-du-Québec
2015,0.002594557185899967,0.0017499453901846308,0.005456207940153385,0.01673000218609242,0.012535669085620081,9.752622634910937e-4,0.026156652812356785,0.6162790989242539,0.03537406701801091,0.05001466754831837,3.3469339344769966e-4,2.4788730117726956e-4,0.13617251305169928,8.337390069274644e-4,0.006887890280646558,1.2758823672763629e-4,0.02922861065862468,1.8128839157951544e-4,0.0015809595947137622,0.003164125144251735,2.784400917179846e-4,0.0014903849748274906,0.002083028424382255,0.006455486466021822,2.448548067024899e-4,0.04235364667914051,4.6868452196437344e-4,NA,Chaudière-Appalaches
2015,3.0143549881105124e-4,1.7058315687781247e-4,5.593627282288009e-4,3.36822619131853e-4,0.001288107235223822,1.4676900558759974e-4,0.12650054042122408,0.6265274440488088,0.027361958305715136,0.025899488314926694,6.089183785062193e-5,0.06736026676412585,1.7458057313008416e-4,0.06759584257612507,0.04344201400895872,0.006898991697653471,0.003480062992803734,3.585144682342916e-5,2.1985215266247733e-5,1.259122322291337e-4,4.66690244621105e-5,3.9129462541194644e-4,6.744503116625223e-5,0.001163910017327831,4.803342136748509e-5,7.196350727668518e-6,3.452794703920053e-6,NA,Côte-Nord
2015,0.002856366279827695,0.001767916429155352,0.01068285834091184,0.023337945380545316,0.017159983369100594,7.424496900329446e-4,0.02699346450887021,0.6324688538450721,0.03604571784533925,0.030697023046232307,2.1573169400415147e-4,1.0711983688835243e-4,0.12898442302379914,7.894033339163535e-4,0.005073543695566549,9.310731031548467e-5,0.02326483362472292,1.6658494022313123e-4,0.0018334310173098326,0.0022887275069841733,2.127233534227511e-4,0.003614094933109199,0.003494927875339393,0.00667659996101692,1.85882299561921e-4,0.03969121349809607,5.550804863958313e-4,NA,Estrie
2015,8.689915828524691e-4,3.640560710075005e-4,0.0037671863333391615,0.005022599744865438,0.005056841217042918,2.608785978679979e-4,0.006017267456823671,0.7686184382581894,0.006948562473329655,0.13464129071225797,5.059044091981024e-5,0.0056500267572140005,0.011789972192787627,0.003926796930348219,0.003253680001029275,0.0020066594663473445,0.03609582338502633,1.287885989619778e-4,2.1747346135977594e-4,4.4520894948306855e-4,1.9335194271156978e-4,0.001109125043650871,8.752010709089357e-4,0.0016737463406272313,1.134592595545492e-4,7.738926382833015e-4,1.3008004722207513e-4,NA,Gaspésie–Îles-de-la-Madeleine
2015,0.0035797180607914925,0.0016363648464903235,0.006048506125807762,0.01272670179605484,0.010933892801404,6.05589069891721e-4,0.0846659243106842,0.6162716150283813,0.04032905399799347,0.07711014896631241,5.835656775161624e-4,0.0018636215245351195,0.027594102546572685,8.75236582942307e-4,0.008508951403200626,1.1351614375598729e-4,0.029762987047433853,6.390365888364613e-4,2.460980031173676e-4,0.0022669965401291847,3.565035294741392e-4,0.003422802546992898,0.0025444922503083944,0.004054682329297066,3.5320199094712734e-4,0.062497738748788834,4.0898259612731636e-4,NA,Lanaudière
2015,0.0026097693480551243,0.0011376701295375824,0.008129811845719814,0.011278809979557991,0.007470128126442432,6.102539482526481e-4,0.08182493597269058,0.7295432686805725,0.0335577130317688,0.04975202679634094,3.575845330487937e-4,3.6442704731598496e-4,0.02153097651898861,9.995757136493921e-4,0.007409223821014166,1.2833221990149468e-4,0.0178406722843647,4.111540038138628e-4,3.281814279034734e-4,0.0015265484107658267,2.107578911818564e-4,0.003622553078457713,0.002581513486802578,0.0027105482295155525,0.00019720943237189204,0.013618387281894684,2.479909744579345e-4,NA,Laurentides
2015,0.11734602600336075,0.04591357707977295,0.03628626465797424,0.14968222379684448,0.1325627714395523,0.0411064550280571,0.07399477064609528,0.11531186103820801,0.01422507967799902,0.001329068443737924,5.059905015514232e-5,1.6191696340683848e-4,0.06710109114646912,8.635571575723588e-4,0.005804206244647503,1.2143771891715005e-4,3.0359429729287513e-5,0,2.395021729171276e-4,0.04290124773979187,0.006942189764231443,0.011425266042351723,0.011165523901581764,0.031418636441230774,0.006749913562089205,0.087131567299366,1.3493080041371286e-4,NA,Laval
2015,0.0012881553499834804,5.87733991347673e-4,0.002639173759959618,0.003614540974268246,0.003317500010082692,1.4958322165763648e-4,0.10872999286762518,0.6089456544921584,0.03377075327945981,0.13001837768931745,6.512071994560115e-4,0.026367897183554572,0.010361161892642246,0.0012185481278301838,0.018471353993001656,1.5793056650289223e-4,0.03175822444592274,6.905392820243783e-4,1.3957950967654056e-4,5.504586275950698e-4,1.534794685739905e-4,5.634622463940548e-4,6.911997794010661e-4,0.0010040173184628178,9.40308293726289e-5,0.013920833951558463,1.4463312926057842e-4,NA,Mauricie
2015,0.16698163747787476,0.0920989140868187,0.0483512282371521,0.19533462822437286,0.12921832501888275,0.0922817513346672,0.19928985834121704,0.03504204377532005,0.007337051443755627,1.5417981194332242e-4,2.3054924895404838e-5,3.0259589038905688e-5,0.009507275186479092,2.1037619444541633e-4,0.0030756499618291855,9.49028180912137e-5,4.322798304201569e-6,1.4409328059628024e-6,2.3054924895404838e-5,0.007458978798240423,5.936642992310226e-4,0.003417892614379525,0.001701741712167859,0.004586206283420324,6.469788495451212e-4,0.0025288371834903955,5.7637312238512095e-6,NA,Montréal
2015,0.013210584409534931,0.00513022905215621,0.011114153079688549,0.0361841544508934,0.03620085492730141,0.003077965695410967,0.06764796376228333,0.19091984629631042,0.03022661805152893,0.0019512533908709884,2.894994104281068e-4,1.3095303438603878e-4,0.11454620957374573,4.8610378871671855e-4,0.009788536466658115,1.2916314881294966e-4,5.897515220567584e-4,2.4292738089570776e-5,0.0012151673436164856,0.010679015889763832,8.400921942666173e-4,0.0032066316343843937,0.0026053329929709435,0.011977427639067173,7.916016038507223e-4,0.4444166421890259,0.002619992010295391,NA,Montérégie
2015,1.4101739157320887e-4,5.519319281288561e-5,1.7595915789723503e-4,8.970023650841767e-5,1.789879233477036e-4,1.837595824111274e-5,0.16709326855765974,0.28785197709260535,0.03987870500888569,0.0106230874462618,1.32994713605614e-4,0.0632712060550133,3.263562798135336e-5,0.28193903874703574,0.08844718030582183,0.055841165667095766,0.00380550232236003,2.647700445111012e-4,3.317716006120646e-6,4.6848159969584904e-5,2.15727809243991e-5,4.437224022999057e-5,1.3136015879177184e-5,1.975865177436099e-5,1.0051103060940074e-5,1.1918648809966082e-9,1.550164782246793e-7,NA,Nord-du-Québec
2015,0.0010694029042497277,5.16482803504914e-4,0.004327280446887016,0.006502858828753233,0.004577853251248598,1.5595271543134004e-4,0.09929968416690826,0.7379999160766602,0.040023285895586014,0.04188771918416023,4.3779637780971825e-4,3.1694938661530614e-4,0.02564118430018425,6.702890968881547e-4,0.00884773675352335,8.717193850316107e-5,0.017239317297935486,5.651655956171453e-4,3.748992457985878e-4,5.736151360906661e-4,7.961058872751892e-5,0.0014296288136392832,0.0016511247958987951,0.0015621093334630132,5.767274342360906e-5,0.004039682447910309,6.562851194757968e-5,NA,Outaouais
2015,7.005507035166334e-4,3.5953530319611255e-4,0.001703792331811975,0.0015359590807422219,0.0019090232860996639,9.972816575312331e-5,0.09949820088650185,0.5754834869885606,0.02353498223062087,0.12623317847072885,4.960903326720783e-4,0.07255681574317588,0.010599150438140694,0.015634396582889305,0.02528038691242279,0.0010353059647964834,0.03683193298661368,9.386894092987871e-4,6.061589029926443e-4,4.167432337726061e-4,1.5242142066894588e-4,2.4351403572580807e-4,2.651000505091129e-4,5.583072161638605e-4,6.8294395878067e-5,0.003150263823298546,1.0797936723126373e-4,NA,Saguenay–Lac-Saint-Jean
2020,8.030990209036244e-4,4.984468271372946e-4,0.0027611351609732565,0.0032014290846952955,0.0025477813423552807,2.8729533891215254e-4,0.11117059915697268,0.6269319186507072,0.05612899256899139,0.1033408616888281,9.48615683266065e-4,0.012817422288166711,0.019822415424944496,9.909473628914465e-4,0.04048525191364878,7.889065961438007e-5,0.012666921707825785,5.179946983658419e-4,2.930258200453691e-4,3.821751349461367e-4,5.56869131376989e-5,7.568335839552734e-5,NA,3.7905695283333536e-4,5.455767067300117e-5,0.002684654397077047,7.516843113032157e-5,NA,Abitibi-Témiscamingue
2020,0.0017082663883772335,6.889419796683201e-4,0.005829023198479202,0.011011685023292223,0.007630234212206872,1.8377370691160315e-4,0.01989247255024757,0.6945602020022508,0.012976103010972668,0.12173980350707843,2.2987029420100692e-4,3.147964437639564e-4,0.07350862448369035,0.002086790047295226,0.0031005620438383378,1.5369201265169477e-4,0.03178239189993758,2.496716421224962e-4,3.623069372131493e-4,0.001039161101375365,9.158882307544113e-5,1.527061415350119e-4,NA,0.0011324832132895584,4.02166289721655e-5,0.009427372859129774,1.0727080642481497e-4,0,Bas-Saint-Laurent
2020,0.003501176483582998,0.001779882366877896,0.006629258618666646,0.009509167640862284,0.011274162372391733,0.0011049042454398057,0.05175796252696135,0.7197239859467855,0.02101472791521319,0.10167736830644133,3.0638674810114767e-4,0.00831519286060526,0.02754031064774898,0.002165229837910535,0.0061374781258692925,1.9825943720386678e-4,0.014644777582233823,1.651282681949645e-4,1.5919111648966865e-4,4.899600315015072e-4,9.154402387572871e-5,1.3735775601782027e-4,NA,9.696848537128842e-4,6.772674256070068e-5,0.010576140197835092,6.29961204308775e-5,NA,Capitale-Nationale
2020,0.00505505455570304,0.0023024522455249827,0.0076336079162906325,0.02380829418530132,0.022291399375722554,0.001048375063591328,0.04458420032263128,0.382893931503756,0.0715312139070625,0.015724429445815404,0.0011961054226571925,1.4912104695939126e-4,0.1841276877760044,0.0010471534762999583,0.014046378943356868,1.160813923768362e-4,0.004971077850562452,1.89589905877744e-4,0.0010901676729268028,0.0022642250279946647,5.13919563300907e-4,2.025139875371751e-4,NA,0.003400892534695311,4.6737970233558766e-4,0.2085776967521952,7.670452662546079e-4,NA,Centre-du-Québec
2020,0.003716597455740824,0.0020158470968364016,0.006812075036731887,0.01881300377063608,0.016195716036897234,0.001200073196354422,0.026161878992850815,0.6291334656710649,0.03545795169857186,0.05120295874679239,3.5836192083679334e-4,2.4932867560077156e-4,0.13694203827196108,8.318870679278306e-4,0.006887880364127173,1.2758778631602032e-4,0.015009264352978658,7.049404843192527e-5,5.3372911476649e-4,0.0020927533191020514,2.9113843082058133e-4,2.1832151378892322e-4,NA,0.0027639553395846016,1.6032923183310554e-4,0.04266650215645951,8.68036299538962e-5,NA,Chaudière-Appalaches
2020,3.5953653609066837e-4,2.0040358333392293e-4,9.06683545773931e-4,4.043671027420435e-4,0.0021864834432492675,1.8325419414082008e-4,0.12654514595415015,0.6282536251810139,0.027374616704801364,0.02662590392912131,6.233158948325565e-5,0.06637160498578451,1.934551472127617e-4,0.06764145932711191,0.043433996185064334,0.006899750945329641,0.0019344888072271975,1.6895024231851274e-5,3.2766794256095496e-6,3.7647697897620215e-5,1.9397618885943203e-5,7.342977421983893e-5,NA,2.6519997795936977e-4,1.455975921805057e-5,8.989023533889321e-6,1.8458626637527404e-6,0,Côte-Nord
2020,0.003741951590843879,0.0019795771696078037,0.014178913611861918,0.02678838810502005,0.021160518851213967,9.158144926732746e-4,0.026936291363158935,0.643252647926842,0.03611665169957337,0.03145279330540179,2.3695433481476337e-4,1.0843761562419552e-4,0.13016720842543894,7.882229415582977e-4,0.005067078957851361,9.315914497514991e-5,0.011928903476391403,5.127475227291346e-5,4.756817860380264e-4,0.001405909863034415,1.888067531297272e-4,2.6790752914067416e-4,NA,0.002494923756423751,1.1936815817294714e-4,0.0398358168734964,2.4681665311837364e-4,NA,Estrie
2020,0.0011022272450784624,5.044373310120752e-4,0.00484813667890394,0.005897802261645275,0.006216769663711996,3.473594166477197e-4,0.006017636491733223,0.7761285708888321,0.00699914962506353,0.14324076049073675,5.358223076792658e-5,0.005673289009871763,0.011925154519806972,0.003922759129725857,0.0032538345141105477,0.002006876001295887,0.019886130156053367,7.483051769033694e-5,8.36328753374201e-5,2.0062682019954134e-4,6.982019137691679e-5,5.5081702427118875e-5,NA,5.019114059621088e-4,5.4379523128033875e-5,8.610327935826143e-4,7.422060729202524e-5,0,Gaspésie–Îles-de-la-Madeleine
2020,0.004823253024369478,0.0019641113467514515,0.009770647622644901,0.015271194279193878,0.013678474351763725,9.145327494479716e-4,0.08466625958681107,0.6267232298851013,0.04069507494568825,0.08171780407428741,5.948267644271255e-4,0.0018968716030940413,0.027620894834399223,8.721714839339256e-4,0.008508751168847084,1.1351614375598729e-4,0.014533878304064274,2.582883171271533e-4,1.5114877896849066e-4,8.255647262558341e-4,1.3479942572303116e-4,1.757104619173333e-4,NA,0.0010593064362183213,3.079934394918382e-4,0.06250825524330139,2.1342630498111248e-4,NA,Lanaudière
2020,0.0031191769521683455,0.0013309712521731853,0.011937905102968216,0.013860322535037994,0.00934384111315012,7.798721198923886e-4,0.08182505518198013,0.7342220544815063,0.03379504010081291,0.05437202751636505,3.6298445775173604e-4,3.9726641261950135e-4,0.02168576791882515,9.979356545954943e-4,0.007408863864839077,1.2833221990149468e-4,0.008385296911001205,1.6114811296574771e-4,2.085016167256981e-4,8.317417814396322e-4,5.691893966286443e-5,2.1335715427994728e-4,NA,6.455528200604022e-4,7.271040522027761e-5,0.013712751679122448,1.4458675286732614e-4,NA,Laurentides
2020,0.14313805103302002,0.052946846932172775,0.04847051575779915,0.1608477532863617,0.15721462666988373,0.04784287512302399,0.07399477064609528,0.11471816897392273,0.014201466925442219,0.0016798884607851505,6.409212801372632e-5,1.0119810212927405e-5,0.06697290390729904,8.601838489994407e-4,0.005804206244647503,1.2143771891715005e-4,3.0359429729287513e-5,0,1.0794464469654486e-4,0.015533908270299435,3.0022102873772383e-4,0.001889031263999641,NA,0.0055152964778244495,6.173084257170558e-4,0.08706072717905045,5.7345590903423727e-5,NA,Laval
2020,0.0015107943173924313,6.723696884696879e-4,0.0032076684648857635,0.0043056996374987565,0.003918961928443044,2.2491401630557882e-4,0.108729612722357,0.6134709398007525,0.0341224006437225,0.14017638127143106,6.639928620408753e-4,0.026413112060810606,0.01039300091748836,0.001218361255071139,0.018471223691299523,1.5792937115664856e-4,0.01699394444131715,3.214150970770912e-4,8.315864343808609e-5,3.1108189728155906e-4,1.272079377844792e-4,4.916892559253295e-5,NA,3.762468260528026e-4,4.337240595495235e-5,0.013955017361502797,8.199687442817236e-5,NA,Mauricie
2020,0.1684381663799286,0.09276750683784485,0.05325361713767052,0.19703637063503265,0.13275806605815887,0.09299789369106293,0.19928985834121704,0.03493253514170647,0.0073312874883413315,2.305492525920272e-4,2.3054924895404838e-5,1.4409328059628024e-6,0.009497188031673431,2.1037619444541633e-4,0.0030756499618291855,9.49028180912137e-5,0,0,1.585026075190399e-5,0.0038626515306532383,2.88186565740034e-5,6.570653640665114e-4,NA,9.034649119712412e-4,5.907824743189849e-5,0.0025288371834903955,5.7637312238512095e-6,NA,Montréal
2020,0.018112752586603165,0.005969562102109194,0.014212489128112793,0.03878948837518692,0.043330028653144836,0.003849165281280875,0.06764805316925049,0.19075798988342285,0.030193690210580826,0.002204911084845662,3.300189273431897e-4,1.2924495968036354e-4,0.1150486096739769,4.8515485832467675e-4,0.009788536466658115,1.2916314881294966e-4,2.041239640675485e-4,7.117012955859536e-6,5.852595786564052e-4,0.005559542216360569,4.5532576041296124e-4,6.606033421121538e-4,NA,0.004611372482031584,4.554447077680379e-4,0.44524189829826355,0.0012404929148033261,NA,Montérégie
2020,1.6100947658633736e-4,6.336370835009468e-5,2.189310627622825e-4,1.0281992716289798e-4,1.9496859922951343e-4,2.4773715665718983e-5,0.1670915389735508,0.28977682730468357,0.04002595558653745,0.011335796942609933,1.3383554261122587e-4,0.06257230661612018,3.454738315730877e-5,0.28195340382899636,0.08843986545782043,0.05576020452127411,0.0018382859007021301,1.1729343725791754e-4,1.5404101455400006e-6,2.6988111180802727e-5,1.2194986996564276e-5,1.8417509292181066e-6,NA,6.409442252055321e-6,4.492426556141186e-6,1.2756166819636196e-7,1.0985628764000148e-7,9.485458140261471e-4,Nord-du-Québec
2020,0.0012881271541118622,5.883226403966546e-4,0.0057508694007992744,0.008153983391821384,0.005595868453383446,2.005420537898317e-4,0.09930021315813065,0.7444475889205933,0.04033892601728439,0.0449860654771328,4.399901663418859e-4,3.4816385596059263e-4,0.025874782353639603,6.66112988255918e-4,0.008847207762300968,8.717193850316107e-5,0.007589080836623907,2.469324099365622e-4,1.6167927242349833e-4,3.2935841591097414e-4,2.825488627422601e-5,9.387989848619327e-5,NA,4.929142887704074e-4,3.507412111503072e-5,0.004063470289111137,4.54351247753948e-5,NA,Outaouais
2020,8.182018016487123e-4,4.4909982146896203e-4,0.0019318428575315213,0.0018011136728290208,0.0022683465485289853,1.50956994276506e-4,0.09950367154300543,0.585265671592169,0.024010769455110305,0.13349545002976676,5.015328636211497e-4,0.07307273185411257,0.011052252162413945,0.015638209920704346,0.025279140895937184,0.0010355787599279534,0.01923841735533039,4.542573733697784e-4,1.4668767490689567e-4,2.93965704544762e-4,7.842098155442137e-5,2.611431903496977e-5,NA,2.0049995141662566e-4,2.7284450113547334e-5,0.0032258423904192642,3.396321914673248e-5,NA,Saguenay–Lac-Saint-Jean
