Type,Landuse Class,Quebec (province),Southern Québec (49th parallel)
Total in 2015,Settlement,0.0968158834102682,0.33517716062304803
New since 2005,Settlement,0.03581435477747252,0.128850626458126
Total in 2015,High reflectance settlement,0.036615881283280485,0.1224206466753686
New since 2005,High reflectance settlement,0.006735537052978256,0.01827844468884861
Total in 2015,Settlement forest,0.15584653980170474,0.55455057341117
New since 2005,Settlement forest,0.03743030992273474,0.12464771429394
Total in 2015,Roads,0.2199854119799978,0.872743097071074
New since 2005,Roads,0.0288944088723738,0.114633882079059
Total in 2015,Vegetated settlement,0.2601831144882238,0.866776777848834
New since 2005,Vegetated settlement,0.07637937342369978,0.226617906111482
Total in 2015,Very high reflectance settlement,0.02097868917024693,0.07123625908235451
New since 2005,Very high reflectance settlement,0.004883423206131685,0.014073224266706163
