Type,Classe,Québec (province),Sud du Québec (49e parallèle)
Total en 2015,Lieux habités,0.0968158834102682,0.33517716062304803
Nouveau depuis 2005,Lieux habités,0.03581435477747252,0.128850626458126
Total en 2015,Lieux habités à grande réflectance,0.036615881283280485,0.1224206466753686
Nouveau depuis 2005,Lieux habités à grande réflectance,0.006735537052978256,0.01827844468884861
Total en 2015,Forêts habitées,0.15584653980170474,0.55455057341117
Nouveau depuis 2005,Forêts habitées,0.03743030992273474,0.12464771429394
Total en 2015,Routes,0.2199854119799978,0.872743097071074
Nouveau depuis 2005,Routes,0.0288944088723738,0.114633882079059
Total en 2015,Lieux habités végétalisés,0.2601831144882238,0.866776777848834
Nouveau depuis 2005,Lieux habités végétalisés,0.07637937342369978,0.226617906111482
Total en 2015,Lieux habités à très grande réflectance,0.02097868917024693,0.07123625908235451
Nouveau depuis 2005,Lieux habités à très grande réflectance,0.004883423206131685,0.014073224266706163
