Region,carbon_aboveground_hotspots_80per,carbon_belowground_hotspots_80per,carbon_total_hotspots_80per,combined_capacity_hotspots_80per,combined_provision_hotspots_80per,recreation_capacity_hotspots_80per,recreation_demand_hotspots_80per,recreation_provision_hotspots_80per,water_capacity_hotspots_80per,water_demand_hotspots_80per,water_provision_hotspots_80per,total_above_C_aligned_crop_std@study_area,soil_100cm_align_crop_std@study_area,total_abovebelow_C_aligned_crop_std@study_area,combined_capacity,combined_provision,water_capacity_std,water_demand_std,water_provision_2a_norm@Water_sensitivity,ctotal_80,reccomb_80,totescomb_80,watercomb_80,recreation_capacity_std,recreation_demand_std,recreation_provision_std,Canada_protectedareas_all,Canada_protectedareas_federal,Canada_Coal_Tenures_2013@zonal_stats,Combined_tenures,CAN_NALCMS_LC_crop_only@zonal_stats,Canada_Forest_Tenures_2013@zonal_stats,Canada_Mineral_Tenures_2016@zonal_stats,Canada_Oilsands_Tenures_2013@zonal_stats,Canada_PNG_Tenures_Complete_2016@zonal_stats
Montréal,0.013594972901046276,0.07481212913990021,0.06977930665016174,0,0.054802220314741135,0,1,0,1,0.32818466424942017,0.13851679861545563,0.010702081955969334,0.08256658911705017,0.08318829536437988,0.24841775000095367,0.15502937138080597,0.14964741468429565,0.25179433822631836,0.05803213641047478,0.06977930665016174,0,0.5480222105979919,2.3851680755615234,0.01058262400329113,0.6729512214660645,0.013456463813781738,1,1,NA,1,15,NA,NA,NA,NA
Laval,0.02552620880305767,0.045228034257888794,0.043173808604478836,0,0.048846907913684845,0,1,0,1,0.3455202281475067,0.11351005733013153,0.018804078921675682,0.09001076966524124,0.09118350595235825,0.2584623098373413,0.1796959489583969,0.15070132911205292,0.24696922302246094,0.06914877146482468,0.043173808604478836,0,0.48846906423568726,2.1351006031036377,0.014536689966917038,0.6729546189308167,0.021272605285048485,1,NA,NA,1,15,NA,1,NA,NA
Lanaudière,0.710052490234375,0.006458390038460493,0.0075176483951509,0.034340836107730865,0.6923723220825195,0.0613672100007534,1,0.7051999568939209,0.4965989887714386,0.5103389620780945,0.6896839141845703,0.11208605021238327,0.06326396763324738,0.0711042508482933,0.5955556631088257,0.6233664155006409,0.14053474366664886,0.1653510481119156,0.1494498997926712,0.0075176483951509,7.113556385040283,6.9581708908081055,7.39343786239624,0.38390877842903137,0.39567187428474426,0.4018150568008423,1,1,NA,1,15,1,1,NA,1
Laurentides,0.7782372236251831,0.005972173064947128,0.009476078674197197,0.06061604991555214,0.8554133176803589,0.07436099648475647,1,0.7944856882095337,0.4576679468154907,0.9424883127212524,0.9204479455947876,0.13137371838092804,0.067372165620327,0.07658197730779648,0.6225245594978333,0.7715111970901489,0.13620701432228088,0.2916129231452942,0.2657622694969177,0.009476078674197197,8.019217491149902,8.61474895477295,9.662147521972656,0.4097211956977844,0.3985167443752289,0.42911475896835327,1,1,NA,1,15,1,1,NA,1
Outaouais,0.7910993695259094,0.003380103735253215,0.00523324916139245,0.036936741322278976,0.9315078258514404,0.07483424246311188,1,0.8713533282279968,0.04770186170935631,1,0.9802864193916321,0.13643398880958557,0.059910912066698074,0.06945467740297318,0.622635543346405,0.8611544370651245,0.11274725943803787,0.39449378848075867,0.34920552372932434,0.00523324916139245,8.788368225097656,9.352015495300293,9.850565910339355,0.44043368101119995,0.36055710911750793,0.44249427318573,1,1,NA,1,15,1,1,NA,NA
Saguenay–Lac-Saint-Jean,0.45602577924728394,0.016386888921260834,0.01826143078505993,0.33622783422470093,0.7993480563163757,0.14222557842731476,0.634898841381073,0.5907737016677856,0.8674972057342529,0.7993036508560181,0.807986319065094,0.07767127454280853,0.06859452277421951,0.07397627085447311,0.7593345642089844,0.6926257610321045,0.16993001103401184,0.2774331271648407,0.2738179564476013,0.01826143078505993,6.049962520599365,8.329708099365234,8.947360038757324,0.5154283046722412,0.07073614001274109,0.34483152627944946,1,NA,NA,1,15,1,1,NA,1
Côte-Nord,0.375547856092453,0.00906312931329012,0.00906312931329012,0.4338511824607849,0,0.3030051290988922,0,0,1,0,0,0.0687207281589508,0.0613466240465641,0.06595429033041,0.8066732287406921,0.3077952563762665,0.1816118061542511,1.9838735170196742e-4,1.9618736405391246e-4,0.00906312931329012,0.3030051290988922,0.4338511824607849,1,0.5591071248054504,1.642759116293746e-6,0.24164478480815887,1,NA,NA,NA,NA,NA,NA,NA,NA
Montérégie,0.16387291252613068,0.2529074251651764,0.24983929097652435,2.2668535530101508e-4,0.054884422570466995,7.659564289497212e-5,1,0.06551480293273926,0.9777653813362122,0.12442794442176819,0.12252624332904816,0.04137536138296127,0.10710614919662476,0.10989357531070709,0.3489828109741211,0.28056102991104126,0.15694354474544525,0.12395037710666656,0.06474152207374573,0.24983929097652435,0.6551480293273926,0.5488799214363098,2.2030277252197266,0.08045905083417892,0.6071712970733643,0.10577970743179321,1,1,NA,1,15,NA,1,NA,1
Capitale-Nationale,0.7320943474769592,0.011859238147735596,0.016362803056836128,0.4352097809314728,0.5966973304748535,0.06182273477315903,1,0.742479145526886,1,0.061280328780412674,0.07683806866407394,0.10138306766748428,0.07616067677736282,0.08326361328363419,0.7188324928283691,0.5508281588554382,0.21368692815303802,0.056613363325595856,0.05941919609904289,0.016362803056836128,7.486572265625,6.404662132263184,1.7683807611465454,0.42093056440353394,0.2623128890991211,0.40649816393852234,1,1,NA,1,15,1,1,NA,1
Abitibi-Témiscamingue,0.5728526711463928,0.017049962654709816,0.01841057278215885,0.04367784410715103,0.6015008091926575,0.09338907152414322,0.9900296926498413,0.6744220852851868,0.2137771099805832,0.5726543068885803,0.5692641139030457,0.09229926764965057,0.05882526934146881,0.06523913890123367,0.6502279043197632,0.7929431796073914,0.12844480574131012,0.393751323223114,0.36146414279937744,0.01841057278215885,6.837609767913818,6.058686256408691,5.906418800354004,0.4565439820289612,0.14024487137794495,0.36623984575271606,1,NA,NA,1,15.000000953674316,1,1,NA,NA
Estrie,0.658338725566864,0.014757095836102962,0.01641044020652771,7.714800885878503e-4,0.358283132314682,2.802064991556108e-4,1,0.2910270392894745,1,0.4513012766838074,0.6072486639022827,0.10925663262605667,0.06136184558272362,0.0690818503499031,0.4678301513195038,0.46296215057373047,0.19286686182022095,0.17542114853858948,0.15331678092479706,0.016414370387792587,2.9104461669921875,3.583380699157715,7.072486400604248,0.20591355860233307,0.45842495560646057,0.24071826040744781,1,1,NA,1,15,1,1,NA,1
Gaspésie–Îles-de-la-Madeleine,0.7855878472328186,0.008406182751059532,0.01016146782785654,0.233174130320549,0.09263571351766586,0.06715300679206848,0.985469400882721,0.5920527577400208,1,0,0,0.1093592569231987,0.07335055619478226,0.08106241375207901,0.7108824849128723,0.42108577489852905,0.18879571557044983,6.453149835579097e-4,6.481651798821986e-4,0.01016146782785654,5.986947536468506,1.1598185300827026,1,0.43917250633239746,0.05641939863562584,0.3371627926826477,1,1,NA,1,15.000000953674316,1,1,NA,1
Mauricie,0.6796295642852783,0.0032012981828302145,0.0037124836817383766,0.09693393111228943,0.8530639410018921,0.13612020015716553,0.9858479499816895,0.8287628889083862,0.4060598611831665,0.8063105344772339,0.8163797855377197,0.10159753262996674,0.055224597454071045,0.06231436878442764,0.6935787796974182,0.6799299120903015,0.14061488211154938,0.2082814872264862,0.196737602353096,0.0037124836817383766,8.423938751220703,8.627708435058594,8.569857597351074,0.4906044900417328,0.2142939269542694,0.42030152678489685,1,1,NA,1,14.999999046325684,1,1,NA,1
Centre-du-Québec,0.42063185572624207,0.008003045804798603,0.009140094742178917,0,0.019042227417230606,0,1,0.13700297474861145,1,0.008280481211841106,0.008200154639780521,0.0741863027215004,0.060139983892440796,0.06535488367080688,0.39872315526008606,0.27732983231544495,0.1836490035057068,0.05102553963661194,0.03736557066440582,0.009140094742178917,1.3700298070907593,0.19042229652404785,1.0820015668869019,0.14931504428386688,0.4512231945991516,0.17383942008018494,1,1,NA,1,14.999999046325684,1,1,NA,1
Nord-du-Québec,0.04303552582859993,0.12411284446716309,0.12136683613061905,0.2821739614009857,0.07035830616950989,0.20596830546855927,0.028804011642932892,0.08282247185707092,0.46026065945625305,0.10851593315601349,0.14490893483161926,0.0256029162555933,0.08579366654157639,0.08744891732931137,0.7793508768081665,0.37352463603019714,0.13969938457012177,0.029025251045823097,0.029440822079777718,0.1215730607509613,1.0340105295181274,0.985584557056427,1.909350037574768,0.5519679188728333,0.0025037769228219986,0.2563653588294983,1,1,NA,1,15,1,1,NA,NA
Côte-Nord,0.35945796966552734,0.01943112537264824,0.020250702276825905,0.4192458391189575,0.08912886679172516,0.19781450927257538,0.0966939851641655,0.19658030569553375,0.8544448018074036,0.07249947637319565,0.16024401783943176,0.06680483371019363,0.0664559006690979,0.07105030864477158,0.7971020340919495,0.38990187644958496,0.1766718327999115,0.04261062294244766,0.041622258722782135,0.020251162350177765,2.163494348526001,1.3105226755142212,2.4568848609924316,0.549101710319519,0.008220503106713295,0.27660712599754333,1,1,NA,1,15,1,1,NA,1
Bas-Saint-Laurent,0.6797831058502197,0.0026013192255049944,0.003336901543661952,0.09694087505340576,0.22730094194412231,0.037959545850753784,1,0.42569002509117126,1,0.21417579054832458,0.20978035032749176,0.10511204600334167,0.06616779416799545,0.0735737681388855,0.5966596603393555,0.41779863834381104,0.1710926592350006,0.052674248814582825,0.04931820556521416,0.003336901543661952,4.293606758117676,2.369577169418335,3.0978033542633057,0.35120531916618347,0.11947958171367645,0.2938302159309387,1,1,NA,1,14.999999046325684,1,1,NA,1
Chaudière-Appalaches,0.6274425983428955,0.0020948254968971014,0.002737959148362279,0.0016877787420526147,0.17737093567848206,0.0020050883758813143,1,0.14262576401233673,1,0.20764076709747314,0.2633032202720642,0.09885509312152863,0.06012731418013573,0.06710997968912125,0.47246813774108887,0.3717157542705536,0.19128765165805817,0.08858905732631683,0.08167251199483871,0.002737959148362279,1.4276310205459595,1.7748295068740845,3.6330323219299316,0.2135971635580063,0.3234167695045471,0.22233189642429352,1,NA,NA,1,15,1,1,NA,1
Québec (Province),0.2443684207595397,0.07755343984486714,0.07656191444386076,0.2744953400845583,0.218192276821213,0.1747410298474004,0.263871328809591,0.24107691113655558,0.5772554342152834,0.22827895118012864,0.2679264980403606,0.051443001045538624,0.07702521229312319,0.08053017444914327,0.7510308312661182,0.4476021945270016,0.15074232132432855,0.08564881429333104,0.08141655790246803,0.07667803309443416,2.5854124338535023,2.456376660496399,3.2565203971418972,0.5195270450820625,0.05619735263909132,0.2851001597453098,1,1,NA,1,15,1,1,NA,1
